<profile version="1.0">
  <option name="myName" value="Default" />
  <inspection_tool class="Eslint" enabled="true" level="WARNING" enabled_by_default="true" />
  <inspection_tool class="JSHint" enabled="true" level="ERROR" enabled_by_default="true" />
  <inspection_tool class="PyPackageRequirementsInspection" enabled="true" level="WARNING" enabled_by_default="true">
    <option name="ignoredPackages">
      <value>
        <list size="33">
          <item index="0" class="java.lang.String" itemvalue="django" />
          <item index="1" class="java.lang.String" itemvalue="gunicorn" />
          <item index="2" class="java.lang.String" itemvalue="wasabi" />
          <item index="3" class="java.lang.String" itemvalue="nltk" />
          <item index="4" class="java.lang.String" itemvalue="python-dateutil" />
          <item index="5" class="java.lang.String" itemvalue="numpy" />
          <item index="6" class="java.lang.String" itemvalue="requests" />
          <item index="7" class="java.lang.String" itemvalue="srsly" />
          <item index="8" class="java.lang.String" itemvalue="pyrsistent" />
          <item index="9" class="java.lang.String" itemvalue="preshed" />
          <item index="10" class="java.lang.String" itemvalue="docx2txt" />
          <item index="11" class="java.lang.String" itemvalue="spacy" />
          <item index="12" class="java.lang.String" itemvalue="certifi" />
          <item index="13" class="java.lang.String" itemvalue="blis" />
          <item index="14" class="java.lang.String" itemvalue="urllib3" />
          <item index="15" class="java.lang.String" itemvalue="jsonschema" />
          <item index="16" class="java.lang.String" itemvalue="six" />
          <item index="17" class="java.lang.String" itemvalue="plac" />
          <item index="18" class="java.lang.String" itemvalue="attrs" />
          <item index="19" class="java.lang.String" itemvalue="sortedcontainers" />
          <item index="20" class="java.lang.String" itemvalue="chardet" />
          <item index="21" class="java.lang.String" itemvalue="pandas" />
          <item index="22" class="java.lang.String" itemvalue="tqdm" />
          <item index="23" class="java.lang.String" itemvalue="pdfminer.six" />
          <item index="24" class="java.lang.String" itemvalue="cymem" />
          <item index="25" class="java.lang.String" itemvalue="murmurhash" />
          <item index="26" class="java.lang.String" itemvalue="thinc" />
          <item index="27" class="java.lang.String" itemvalue="pytz" />
          <item index="28" class="java.lang.String" itemvalue="idna" />
          <item index="29" class="java.lang.String" itemvalue="matplotlib" />
          <item index="30" class="java.lang.String" itemvalue="pydub" />
          <item index="31" class="java.lang.String" itemvalue="django-oscar" />
          <item index="32" class="java.lang.String" itemvalue="django-haystack" />
        </list>
      </value>
    </option>
  </inspection_tool>
  <inspection_tool class="PyPep8Inspection" enabled="true" level="WEAK WARNING" enabled_by_default="true">
    <option name="ignoredErrors">
      <list>
        <option value="E303" />
      </list>
    </option>
  </inspection_tool>
  <inspection_tool class="PyUnresolvedReferencesInspection" enabled="true" level="WARNING" enabled_by_default="true">
    <option name="ignoredIdentifiers">
      <list>
        <option value="typing.NamedTuple.multi_handedness" />
        <option value="typing.NamedTuple.multi_hand_landmarks" />
      </list>
    </option>
  </inspection_tool>
</profile>