<application>
  <component name="FileTypeManager" version="18">
    <ignoreFiles list="*$py.class;*.pyc;*.pyo;*.rbc;*.yarb;*~;.DS_Store;.git;.hg;.svn;CVS;__pycache__;_svn;vssver.scc;vssver2.scc" />
    <extensionMap>
      <mapping pattern="11" type="AUTO_DETECTED" />
      <mapping pattern="compute-mfcc-feats" type="AUTO_DETECTED" />
      <mapping pattern="test1" type="AUTO_DETECTED" />
      <mapping pattern="decompress_out" type="AUTO_DETECTED" />
      <mapping pattern="ssss" type="AUTO_DETECTED" />
      <mapping pattern="test_case_fail" type="AUTO_DETECTED" />
      <mapping pattern="compress_out" type="AUTO_DETECTED" />
      <mapping pattern=".test_env" type="PLAIN_TEXT" />
      <mapping ext="meta" type="PLAIN_TEXT" />
      <mapping ext="npy" type="PLAIN_TEXT" />
      <mapping ext="index" type="PLAIN_TEXT" />
      <mapping ext="owl" type="XML" />
      <removed_mapping ext="db" approved="true" type="DBN-SQL" />
      <removed_mapping ext="sql" approved="true" type="DBN-SQL" />
      <removed_mapping ext="txt" approved="true" type="PLAIN_TEXT" />
      <mapping ext="txt" type="requirements-pro.txt" />
    </extensionMap>
  </component>
</application>